{
    "destination_addresses": [
        "2382 Mabolo, Makati, Metro Manila, Philippines",
        "20 Sto.Tomas, Makati, 1225 Kalakhang Maynila, Philippines",
        "24 Mercury, Makati, 1209 Metro Manila, Philippines",
        "36-82 Amorsolo Street, Legazpi Village, Makati, Kalakhang Maynila, Philippines",
        "1286 Sen. Gil J. Puyat Ave, Makati, 1203 Metro Manila, Philippines",
        "The Residences at Greenbelt - Laguna Tower, Makati, Metro Manila, Philippines",
        "Makati Ave, Makati, Metro Manila, Philippines",
        "111 Dela Rosa Access Rd 1, Legazpi Village, Makati, Metro Manila, Philippines",
        "The Residences at Greenbelt - San Lorenzo Tower, Makati, Metro Manila, Philippines",
        "102 Esteban, Legazpi Village, Makati, Kalakhang Maynila, Philippines"
    ],
    "origin_addresses": [
        "2382 Mabolo, Makati, Metro Manila, Philippines",
        "20 Sto.Tomas, Makati, 1225 Kalakhang Maynila, Philippines",
        "24 Mercury, Makati, 1209 Metro Manila, Philippines",
        "36-82 Amorsolo Street, Legazpi Village, Makati, Kalakhang Maynila, Philippines",
        "1286 Sen. Gil J. Puyat Ave, Makati, 1203 Metro Manila, Philippines",
        "The Residences at Greenbelt - Laguna Tower, Makati, Metro Manila, Philippines",
        "Makati Ave, Makati, Metro Manila, Philippines",
        "111 Dela Rosa Access Rd 1, Legazpi Village, Makati, Metro Manila, Philippines",
        "The Residences at Greenbelt - San Lorenzo Tower, Makati, Metro Manila, Philippines",
        "102 Esteban, Legazpi Village, Makati, Kalakhang Maynila, Philippines"
    ],
    "rows": [
        {
            "elements": [
                {
                    "distance": {
                        "text": "1 m",
                        "value": 0
                    },
                    "duration": {
                        "text": "1 min",
                        "value": 0
                    },
                    "duration_in_traffic": {
                        "text": "1 min",
                        "value": 0
                    },
                    "status": "OK"
                },
                {
                    "distance": {
                        "text": "2.2 km",
                        "value": 2221
                    },
                    "duration": {
                        "text": "8 mins",
                        "value": 493
                    },
                    "duration_in_traffic": {
                        "text": "9 mins",
                        "value": 540
                    },
                    "status": "OK"
                },
                {
                    "distance": {
                        "text": "3.3 km",
                        "value": 3252
                    },
                    "duration": {
                        "text": "14 mins",
                        "value": 841
                    },
                    "duration_in_traffic": {
                        "text": "16 mins",
                        "value": 987
                    },
                    "status": "OK"
                },
                {
                    "distance": {
                        "text": "3.0 km",
                        "value": 2984
                    },
                    "duration": {
                        "text": "15 mins",
                        "value": 881
                    },
                    "duration_in_traffic": {
                        "text": "17 mins",
                        "value": 1029
                    },
                    "status": "OK"
                },
                {
                    "distance": {
                        "text": "5.1 km",
                        "value": 5057
                    },
                    "duration": {
                        "text": "15 mins",
                        "value": 903
                    },
                    "duration_in_traffic": {
                        "text": "16 mins",
                        "value": 931
                    },
                    "status": "OK"
                },
                {
                    "distance": {
                        "text": "1.7 km",
                        "value": 1654
                    },
                    "duration": {
                        "text": "8 mins",
                        "value": 493
                    },
                    "duration_in_traffic": {
                        "text": "9 mins",
                        "value": 520
                    },
                    "status": "OK"
                },
                {
                    "distance": {
                        "text": "1.4 km",
                        "value": 1438
                    },
                    "duration": {
                        "text": "7 mins",
                        "value": 404
                    },
                    "duration_in_traffic": {
                        "text": "7 mins",
                        "value": 426
                    },
                    "status": "OK"
                },
                {
                    "distance": {
                        "text": "2.7 km",
                        "value": 2706
                    },
                    "duration": {
                        "text": "11 mins",
                        "value": 686
                    },
                    "duration_in_traffic": {
                        "text": "14 mins",
                        "value": 818
                    },
                    "status": "OK"
                },
                {
                    "distance": {
                        "text": "1.7 km",
                        "value": 1730
                    },
                    "duration": {
                        "text": "9 mins",
                        "value": 522
                    },
                    "duration_in_traffic": {
                        "text": "9 mins",
                        "value": 550
                    },
                    "status": "OK"
                },
                {
                    "distance": {
                        "text": "3.2 km",
                        "value": 3240
                    },
                    "duration": {
                        "text": "14 mins",
                        "value": 825
                    },
                    "duration_in_traffic": {
                        "text": "16 mins",
                        "value": 974
                    },
                    "status": "OK"
                }
            ]
        },
        {
            "elements": [
                {
                    "distance": {
                        "text": "2.6 km",
                        "value": 2562
                    },
                    "duration": {
                        "text": "10 mins",
                        "value": 612
                    },
                    "duration_in_traffic": {
                        "text": "10 mins",
                        "value": 623
                    },
                    "status": "OK"
                },
                {
                    "distance": {
                        "text": "1 m",
                        "value": 0
                    },
                    "duration": {
                        "text": "1 min",
                        "value": 0
                    },
                    "duration_in_traffic": {
                        "text": "1 min",
                        "value": 0
                    },
                    "status": "OK"
                },
                {
                    "distance": {
                        "text": "2.5 km",
                        "value": 2503
                    },
                    "duration": {
                        "text": "12 mins",
                        "value": 720
                    },
                    "duration_in_traffic": {
                        "text": "13 mins",
                        "value": 806
                    },
                    "status": "OK"
                },
                {
                    "distance": {
                        "text": "2.7 km",
                        "value": 2709
                    },
                    "duration": {
                        "text": "14 mins",
                        "value": 840
                    },
                    "duration_in_traffic": {
                        "text": "16 mins",
                        "value": 941
                    },
                    "status": "OK"
                },
                {
                    "distance": {
                        "text": "3.0 km",
                        "value": 2974
                    },
                    "duration": {
                        "text": "16 mins",
                        "value": 933
                    },
                    "duration_in_traffic": {
                        "text": "17 mins",
                        "value": 1047
                    },
                    "status": "OK"
                },
                {
                    "distance": {
                        "text": "2.0 km",
                        "value": 2039
                    },
                    "duration": {
                        "text": "10 mins",
                        "value": 595
                    },
                    "duration_in_traffic": {
                        "text": "11 mins",
                        "value": 655
                    },
                    "status": "OK"
                },
                {
                    "distance": {
                        "text": "1.9 km",
                        "value": 1884
                    },
                    "duration": {
                        "text": "9 mins",
                        "value": 560
                    },
                    "duration_in_traffic": {
                        "text": "10 mins",
                        "value": 614
                    },
                    "status": "OK"
                },
                {
                    "distance": {
                        "text": "2.0 km",
                        "value": 1957
                    },
                    "duration": {
                        "text": "9 mins",
                        "value": 565
                    },
                    "duration_in_traffic": {
                        "text": "11 mins",
                        "value": 642
                    },
                    "status": "OK"
                },
                {
                    "distance": {
                        "text": "2.0 km",
                        "value": 2016
                    },
                    "duration": {
                        "text": "10 mins",
                        "value": 601
                    },
                    "duration_in_traffic": {
                        "text": "11 mins",
                        "value": 651
                    },
                    "status": "OK"
                },
                {
                    "distance": {
                        "text": "2.5 km",
                        "value": 2491
                    },
                    "duration": {
                        "text": "12 mins",
                        "value": 704
                    },
                    "duration_in_traffic": {
                        "text": "13 mins",
                        "value": 802
                    },
                    "status": "OK"
                }
            ]
        },
        {
            "elements": [
                {
                    "distance": {
                        "text": "3.4 km",
                        "value": 3369
                    },
                    "duration": {
                        "text": "11 mins",
                        "value": 680
                    },
                    "duration_in_traffic": {
                        "text": "12 mins",
                        "value": 720
                    },
                    "status": "OK"
                },
                {
                    "distance": {
                        "text": "1.7 km",
                        "value": 1688
                    },
                    "duration": {
                        "text": "9 mins",
                        "value": 551
                    },
                    "duration_in_traffic": {
                        "text": "10 mins",
                        "value": 588
                    },
                    "status": "OK"
                },
                {
                    "distance": {
                        "text": "1 m",
                        "value": 0
                    },
                    "duration": {
                        "text": "1 min",
                        "value": 0
                    },
                    "duration_in_traffic": {
                        "text": "1 min",
                        "value": 0
                    },
                    "status": "OK"
                },
                {
                    "distance": {
                        "text": "2.2 km",
                        "value": 2249
                    },
                    "duration": {
                        "text": "13 mins",
                        "value": 775
                    },
                    "duration_in_traffic": {
                        "text": "14 mins",
                        "value": 855
                    },
                    "status": "OK"
                },
                {
                    "distance": {
                        "text": "2.7 km",
                        "value": 2717
                    },
                    "duration": {
                        "text": "12 mins",
                        "value": 736
                    },
                    "duration_in_traffic": {
                        "text": "13 mins",
                        "value": 806
                    },
                    "status": "OK"
                },
                {
                    "distance": {
                        "text": "2.1 km",
                        "value": 2074
                    },
                    "duration": {
                        "text": "12 mins",
                        "value": 728
                    },
                    "duration_in_traffic": {
                        "text": "13 mins",
                        "value": 798
                    },
                    "status": "OK"
                },
                {
                    "distance": {
                        "text": "1.9 km",
                        "value": 1920
                    },
                    "duration": {
                        "text": "12 mins",
                        "value": 692
                    },
                    "duration_in_traffic": {
                        "text": "13 mins",
                        "value": 756
                    },
                    "status": "OK"
                },
                {
                    "distance": {
                        "text": "2.0 km",
                        "value": 1993
                    },
                    "duration": {
                        "text": "12 mins",
                        "value": 698
                    },
                    "duration_in_traffic": {
                        "text": "13 mins",
                        "value": 785
                    },
                    "status": "OK"
                },
                {
                    "distance": {
                        "text": "2.1 km",
                        "value": 2051
                    },
                    "duration": {
                        "text": "12 mins",
                        "value": 734
                    },
                    "duration_in_traffic": {
                        "text": "13 mins",
                        "value": 792
                    },
                    "status": "OK"
                },
                {
                    "distance": {
                        "text": "2.4 km",
                        "value": 2384
                    },
                    "duration": {
                        "text": "13 mins",
                        "value": 772
                    },
                    "duration_in_traffic": {
                        "text": "15 mins",
                        "value": 872
                    },
                    "status": "OK"
                }
            ]
        },
        {
            "elements": [
                {
                    "distance": {
                        "text": "3.4 km",
                        "value": 3429
                    },
                    "duration": {
                        "text": "14 mins",
                        "value": 847
                    },
                    "duration_in_traffic": {
                        "text": "15 mins",
                        "value": 909
                    },
                    "status": "OK"
                },
                {
                    "distance": {
                        "text": "2.1 km",
                        "value": 2090
                    },
                    "duration": {
                        "text": "9 mins",
                        "value": 560
                    },
                    "duration_in_traffic": {
                        "text": "10 mins",
                        "value": 607
                    },
                    "status": "OK"
                },
                {
                    "distance": {
                        "text": "2.1 km",
                        "value": 2119
                    },
                    "duration": {
                        "text": "11 mins",
                        "value": 630
                    },
                    "duration_in_traffic": {
                        "text": "13 mins",
                        "value": 769
                    },
                    "status": "OK"
                },
                {
                    "distance": {
                        "text": "1 m",
                        "value": 0
                    },
                    "duration": {
                        "text": "1 min",
                        "value": 0
                    },
                    "duration_in_traffic": {
                        "text": "1 min",
                        "value": 28
                    },
                    "status": "OK"
                },
                {
                    "distance": {
                        "text": "0.3 km",
                        "value": 265
                    },
                    "duration": {
                        "text": "2 mins",
                        "value": 94
                    },
                    "duration_in_traffic": {
                        "text": "2 mins",
                        "value": 106
                    },
                    "status": "OK"
                },
                {
                    "distance": {
                        "text": "1.8 km",
                        "value": 1789
                    },
                    "duration": {
                        "text": "10 mins",
                        "value": 593
                    },
                    "duration_in_traffic": {
                        "text": "10 mins",
                        "value": 628
                    },
                    "status": "OK"
                },
                {
                    "distance": {
                        "text": "1.9 km",
                        "value": 1916
                    },
                    "duration": {
                        "text": "9 mins",
                        "value": 566
                    },
                    "duration_in_traffic": {
                        "text": "10 mins",
                        "value": 623
                    },
                    "status": "OK"
                },
                {
                    "distance": {
                        "text": "2.0 km",
                        "value": 1989
                    },
                    "duration": {
                        "text": "10 mins",
                        "value": 571
                    },
                    "duration_in_traffic": {
                        "text": "11 mins",
                        "value": 652
                    },
                    "status": "OK"
                },
                {
                    "distance": {
                        "text": "2.0 km",
                        "value": 2048
                    },
                    "duration": {
                        "text": "10 mins",
                        "value": 607
                    },
                    "duration_in_traffic": {
                        "text": "11 mins",
                        "value": 659
                    },
                    "status": "OK"
                },
                {
                    "distance": {
                        "text": "1.1 km",
                        "value": 1109
                    },
                    "duration": {
                        "text": "6 mins",
                        "value": 342
                    },
                    "duration_in_traffic": {
                        "text": "6 mins",
                        "value": 373
                    },
                    "status": "OK"
                }
            ]
        },
        {
            "elements": [
                {
                    "distance": {
                        "text": "3.4 km",
                        "value": 3379
                    },
                    "duration": {
                        "text": "13 mins",
                        "value": 802
                    },
                    "duration_in_traffic": {
                        "text": "14 mins",
                        "value": 861
                    },
                    "status": "OK"
                },
                {
                    "distance": {
                        "text": "2.0 km",
                        "value": 2040
                    },
                    "duration": {
                        "text": "9 mins",
                        "value": 515
                    },
                    "duration_in_traffic": {
                        "text": "9 mins",
                        "value": 561
                    },
                    "status": "OK"
                },
                {
                    "distance": {
                        "text": "1.8 km",
                        "value": 1834
                    },
                    "duration": {
                        "text": "9 mins",
                        "value": 514
                    },
                    "duration_in_traffic": {
                        "text": "11 mins",
                        "value": 640
                    },
                    "status": "OK"
                },
                {
                    "distance": {
                        "text": "0.6 km",
                        "value": 623
                    },
                    "duration": {
                        "text": "3 mins",
                        "value": 198
                    },
                    "duration_in_traffic": {
                        "text": "4 mins",
                        "value": 224
                    },
                    "status": "OK"
                },
                {
                    "distance": {
                        "text": "1 m",
                        "value": 0
                    },
                    "duration": {
                        "text": "1 min",
                        "value": 0
                    },
                    "duration_in_traffic": {
                        "text": "1 min",
                        "value": 44
                    },
                    "status": "OK"
                },
                {
                    "distance": {
                        "text": "1.7 km",
                        "value": 1739
                    },
                    "duration": {
                        "text": "9 mins",
                        "value": 549
                    },
                    "duration_in_traffic": {
                        "text": "10 mins",
                        "value": 581
                    },
                    "status": "OK"
                },
                {
                    "distance": {
                        "text": "1.9 km",
                        "value": 1866
                    },
                    "duration": {
                        "text": "9 mins",
                        "value": 522
                    },
                    "duration_in_traffic": {
                        "text": "10 mins",
                        "value": 579
                    },
                    "status": "OK"
                },
                {
                    "distance": {
                        "text": "1.9 km",
                        "value": 1939
                    },
                    "duration": {
                        "text": "9 mins",
                        "value": 527
                    },
                    "duration_in_traffic": {
                        "text": "10 mins",
                        "value": 604
                    },
                    "status": "OK"
                },
                {
                    "distance": {
                        "text": "2.0 km",
                        "value": 1997
                    },
                    "duration": {
                        "text": "9 mins",
                        "value": 563
                    },
                    "duration_in_traffic": {
                        "text": "10 mins",
                        "value": 615
                    },
                    "status": "OK"
                },
                {
                    "distance": {
                        "text": "1.1 km",
                        "value": 1059
                    },
                    "duration": {
                        "text": "5 mins",
                        "value": 298
                    },
                    "duration_in_traffic": {
                        "text": "5 mins",
                        "value": 329
                    },
                    "status": "OK"
                }
            ]
        },
        {
            "elements": [
                {
                    "distance": {
                        "text": "1.7 km",
                        "value": 1654
                    },
                    "duration": {
                        "text": "8 mins",
                        "value": 476
                    },
                    "duration_in_traffic": {
                        "text": "8 mins",
                        "value": 487
                    },
                    "status": "OK"
                },
                {
                    "distance": {
                        "text": "1.3 km",
                        "value": 1323
                    },
                    "duration": {
                        "text": "7 mins",
                        "value": 441
                    },
                    "duration_in_traffic": {
                        "text": "8 mins",
                        "value": 467
                    },
                    "status": "OK"
                },
                {
                    "distance": {
                        "text": "1.8 km",
                        "value": 1827
                    },
                    "duration": {
                        "text": "11 mins",
                        "value": 661
                    },
                    "duration_in_traffic": {
                        "text": "12 mins",
                        "value": 728
                    },
                    "status": "OK"
                },
                {
                    "distance": {
                        "text": "1.8 km",
                        "value": 1809
                    },
                    "duration": {
                        "text": "10 mins",
                        "value": 579
                    },
                    "duration_in_traffic": {
                        "text": "12 mins",
                        "value": 691
                    },
                    "status": "OK"
                },
                {
                    "distance": {
                        "text": "2.1 km",
                        "value": 2074
                    },
                    "duration": {
                        "text": "11 mins",
                        "value": 673
                    },
                    "duration_in_traffic": {
                        "text": "13 mins",
                        "value": 797
                    },
                    "status": "OK"
                },
                {
                    "distance": {
                        "text": "1 m",
                        "value": 0
                    },
                    "duration": {
                        "text": "1 min",
                        "value": 0
                    },
                    "duration_in_traffic": {
                        "text": "1 min",
                        "value": 0
                    },
                    "status": "OK"
                },
                {
                    "distance": {
                        "text": "0.3 km",
                        "value": 283
                    },
                    "duration": {
                        "text": "2 mins",
                        "value": 123
                    },
                    "duration_in_traffic": {
                        "text": "2 mins",
                        "value": 125
                    },
                    "status": "OK"
                },
                {
                    "distance": {
                        "text": "1.1 km",
                        "value": 1093
                    },
                    "duration": {
                        "text": "7 mins",
                        "value": 391
                    },
                    "duration_in_traffic": {
                        "text": "7 mins",
                        "value": 415
                    },
                    "status": "OK"
                },
                {
                    "distance": {
                        "text": "0.4 km",
                        "value": 411
                    },
                    "duration": {
                        "text": "3 mins",
                        "value": 165
                    },
                    "duration_in_traffic": {
                        "text": "3 mins",
                        "value": 165
                    },
                    "status": "OK"
                },
                {
                    "distance": {
                        "text": "1.7 km",
                        "value": 1655
                    },
                    "duration": {
                        "text": "10 mins",
                        "value": 627
                    },
                    "duration_in_traffic": {
                        "text": "11 mins",
                        "value": 687
                    },
                    "status": "OK"
                }
            ]
        },
        {
            "elements": [
                {
                    "distance": {
                        "text": "1.4 km",
                        "value": 1407
                    },
                    "duration": {
                        "text": "6 mins",
                        "value": 368
                    },
                    "duration_in_traffic": {
                        "text": "6 mins",
                        "value": 375
                    },
                    "status": "OK"
                },
                {
                    "distance": {
                        "text": "1.2 km",
                        "value": 1231
                    },
                    "duration": {
                        "text": "7 mins",
                        "value": 426
                    },
                    "duration_in_traffic": {
                        "text": "8 mins",
                        "value": 456
                    },
                    "status": "OK"
                },
                {
                    "distance": {
                        "text": "1.7 km",
                        "value": 1734
                    },
                    "duration": {
                        "text": "11 mins",
                        "value": 646
                    },
                    "duration_in_traffic": {
                        "text": "12 mins",
                        "value": 712
                    },
                    "status": "OK"
                },
                {
                    "distance": {
                        "text": "1.6 km",
                        "value": 1619
                    },
                    "duration": {
                        "text": "9 mins",
                        "value": 530
                    },
                    "duration_in_traffic": {
                        "text": "11 mins",
                        "value": 635
                    },
                    "status": "OK"
                },
                {
                    "distance": {
                        "text": "1.9 km",
                        "value": 1885
                    },
                    "duration": {
                        "text": "10 mins",
                        "value": 623
                    },
                    "duration_in_traffic": {
                        "text": "12 mins",
                        "value": 740
                    },
                    "status": "OK"
                },
                {
                    "distance": {
                        "text": "0.3 km",
                        "value": 290
                    },
                    "duration": {
                        "text": "2 mins",
                        "value": 142
                    },
                    "duration_in_traffic": {
                        "text": "2 mins",
                        "value": 146
                    },
                    "status": "OK"
                },
                {
                    "distance": {
                        "text": "1 m",
                        "value": 0
                    },
                    "duration": {
                        "text": "1 min",
                        "value": 0
                    },
                    "duration_in_traffic": {
                        "text": "1 min",
                        "value": 0
                    },
                    "status": "OK"
                },
                {
                    "distance": {
                        "text": "1.2 km",
                        "value": 1188
                    },
                    "duration": {
                        "text": "8 mins",
                        "value": 465
                    },
                    "duration_in_traffic": {
                        "text": "9 mins",
                        "value": 517
                    },
                    "status": "OK"
                },
                {
                    "distance": {
                        "text": "0.4 km",
                        "value": 366
                    },
                    "duration": {
                        "text": "3 mins",
                        "value": 171
                    },
                    "duration_in_traffic": {
                        "text": "3 mins",
                        "value": 176
                    },
                    "status": "OK"
                },
                {
                    "distance": {
                        "text": "1.7 km",
                        "value": 1722
                    },
                    "duration": {
                        "text": "10 mins",
                        "value": 621
                    },
                    "duration_in_traffic": {
                        "text": "12 mins",
                        "value": 707
                    },
                    "status": "OK"
                }
            ]
        },
        {
            "elements": [
                {
                    "distance": {
                        "text": "3.0 km",
                        "value": 2968
                    },
                    "duration": {
                        "text": "13 mins",
                        "value": 784
                    },
                    "duration_in_traffic": {
                        "text": "14 mins",
                        "value": 835
                    },
                    "status": "OK"
                },
                {
                    "distance": {
                        "text": "1.6 km",
                        "value": 1630
                    },
                    "duration": {
                        "text": "8 mins",
                        "value": 497
                    },
                    "duration_in_traffic": {
                        "text": "9 mins",
                        "value": 533
                    },
                    "status": "OK"
                },
                {
                    "distance": {
                        "text": "1.8 km",
                        "value": 1838
                    },
                    "duration": {
                        "text": "12 mins",
                        "value": 694
                    },
                    "duration_in_traffic": {
                        "text": "13 mins",
                        "value": 782
                    },
                    "status": "OK"
                },
                {
                    "distance": {
                        "text": "1.2 km",
                        "value": 1211
                    },
                    "duration": {
                        "text": "9 mins",
                        "value": 536
                    },
                    "duration_in_traffic": {
                        "text": "10 mins",
                        "value": 578
                    },
                    "status": "OK"
                },
                {
                    "distance": {
                        "text": "1.5 km",
                        "value": 1476
                    },
                    "duration": {
                        "text": "10 mins",
                        "value": 629
                    },
                    "duration_in_traffic": {
                        "text": "11 mins",
                        "value": 684
                    },
                    "status": "OK"
                },
                {
                    "distance": {
                        "text": "1.1 km",
                        "value": 1085
                    },
                    "duration": {
                        "text": "7 mins",
                        "value": 442
                    },
                    "duration_in_traffic": {
                        "text": "8 mins",
                        "value": 460
                    },
                    "status": "OK"
                },
                {
                    "distance": {
                        "text": "1.3 km",
                        "value": 1320
                    },
                    "duration": {
                        "text": "8 mins",
                        "value": 500
                    },
                    "duration_in_traffic": {
                        "text": "9 mins",
                        "value": 532
                    },
                    "status": "OK"
                },
                {
                    "distance": {
                        "text": "1 m",
                        "value": 0
                    },
                    "duration": {
                        "text": "1 min",
                        "value": 0
                    },
                    "duration_in_traffic": {
                        "text": "1 min",
                        "value": 56
                    },
                    "status": "OK"
                },
                {
                    "distance": {
                        "text": "1.4 km",
                        "value": 1432
                    },
                    "duration": {
                        "text": "9 mins",
                        "value": 519
                    },
                    "duration_in_traffic": {
                        "text": "9 mins",
                        "value": 559
                    },
                    "status": "OK"
                },
                {
                    "distance": {
                        "text": "1.0 km",
                        "value": 993
                    },
                    "duration": {
                        "text": "7 mins",
                        "value": 398
                    },
                    "duration_in_traffic": {
                        "text": "7 mins",
                        "value": 438
                    },
                    "status": "OK"
                }
            ]
        },
        {
            "elements": [
                {
                    "distance": {
                        "text": "1.8 km",
                        "value": 1774
                    },
                    "duration": {
                        "text": "9 mins",
                        "value": 540
                    },
                    "duration_in_traffic": {
                        "text": "9 mins",
                        "value": 558
                    },
                    "status": "OK"
                },
                {
                    "distance": {
                        "text": "1.5 km",
                        "value": 1484
                    },
                    "duration": {
                        "text": "9 mins",
                        "value": 528
                    },
                    "duration_in_traffic": {
                        "text": "9 mins",
                        "value": 556
                    },
                    "status": "OK"
                },
                {
                    "distance": {
                        "text": "2.0 km",
                        "value": 2025
                    },
                    "duration": {
                        "text": "13 mins",
                        "value": 781
                    },
                    "duration_in_traffic": {
                        "text": "14 mins",
                        "value": 856
                    },
                    "status": "OK"
                },
                {
                    "distance": {
                        "text": "1.3 km",
                        "value": 1275
                    },
                    "duration": {
                        "text": "7 mins",
                        "value": 448
                    },
                    "duration_in_traffic": {
                        "text": "8 mins",
                        "value": 494
                    },
                    "status": "OK"
                },
                {
                    "distance": {
                        "text": "1.5 km",
                        "value": 1540
                    },
                    "duration": {
                        "text": "9 mins",
                        "value": 542
                    },
                    "duration_in_traffic": {
                        "text": "10 mins",
                        "value": 600
                    },
                    "status": "OK"
                },
                {
                    "distance": {
                        "text": "0.2 km",
                        "value": 161
                    },
                    "duration": {
                        "text": "1 min",
                        "value": 87
                    },
                    "duration_in_traffic": {
                        "text": "1 min",
                        "value": 87
                    },
                    "status": "OK"
                },
                {
                    "distance": {
                        "text": "0.4 km",
                        "value": 389
                    },
                    "duration": {
                        "text": "3 mins",
                        "value": 187
                    },
                    "duration_in_traffic": {
                        "text": "3 mins",
                        "value": 195
                    },
                    "status": "OK"
                },
                {
                    "distance": {
                        "text": "0.8 km",
                        "value": 844
                    },
                    "duration": {
                        "text": "6 mins",
                        "value": 343
                    },
                    "duration_in_traffic": {
                        "text": "6 mins",
                        "value": 356
                    },
                    "status": "OK"
                },
                {
                    "distance": {
                        "text": "1 m",
                        "value": 0
                    },
                    "duration": {
                        "text": "1 min",
                        "value": 0
                    },
                    "duration_in_traffic": {
                        "text": "1 min",
                        "value": 0
                    },
                    "status": "OK"
                },
                {
                    "distance": {
                        "text": "1.3 km",
                        "value": 1310
                    },
                    "duration": {
                        "text": "8 mins",
                        "value": 505
                    },
                    "duration_in_traffic": {
                        "text": "9 mins",
                        "value": 518
                    },
                    "status": "OK"
                }
            ]
        },
        {
            "elements": [
                {
                    "distance": {
                        "text": "3.5 km",
                        "value": 3465
                    },
                    "duration": {
                        "text": "15 mins",
                        "value": 875
                    },
                    "duration_in_traffic": {
                        "text": "16 mins",
                        "value": 936
                    },
                    "status": "OK"
                },
                {
                    "distance": {
                        "text": "2.1 km",
                        "value": 2127
                    },
                    "duration": {
                        "text": "10 mins",
                        "value": 588
                    },
                    "duration_in_traffic": {
                        "text": "11 mins",
                        "value": 634
                    },
                    "status": "OK"
                },
                {
                    "distance": {
                        "text": "2.1 km",
                        "value": 2139
                    },
                    "duration": {
                        "text": "11 mins",
                        "value": 680
                    },
                    "duration_in_traffic": {
                        "text": "13 mins",
                        "value": 806
                    },
                    "status": "OK"
                },
                {
                    "distance": {
                        "text": "0.4 km",
                        "value": 438
                    },
                    "duration": {
                        "text": "3 mins",
                        "value": 208
                    },
                    "duration_in_traffic": {
                        "text": "4 mins",
                        "value": 221
                    },
                    "status": "OK"
                },
                {
                    "distance": {
                        "text": "0.7 km",
                        "value": 703
                    },
                    "duration": {
                        "text": "5 mins",
                        "value": 302
                    },
                    "duration_in_traffic": {
                        "text": "5 mins",
                        "value": 327
                    },
                    "status": "OK"
                },
                {
                    "distance": {
                        "text": "1.4 km",
                        "value": 1372
                    },
                    "duration": {
                        "text": "8 mins",
                        "value": 508
                    },
                    "duration_in_traffic": {
                        "text": "9 mins",
                        "value": 537
                    },
                    "status": "OK"
                },
                {
                    "distance": {
                        "text": "2.0 km",
                        "value": 1952
                    },
                    "duration": {
                        "text": "10 mins",
                        "value": 594
                    },
                    "duration_in_traffic": {
                        "text": "11 mins",
                        "value": 648
                    },
                    "status": "OK"
                },
                {
                    "distance": {
                        "text": "1.4 km",
                        "value": 1396
                    },
                    "duration": {
                        "text": "9 mins",
                        "value": 519
                    },
                    "duration_in_traffic": {
                        "text": "9 mins",
                        "value": 554
                    },
                    "status": "OK"
                },
                {
                    "distance": {
                        "text": "1.4 km",
                        "value": 1413
                    },
                    "duration": {
                        "text": "9 mins",
                        "value": 521
                    },
                    "duration_in_traffic": {
                        "text": "9 mins",
                        "value": 550
                    },
                    "status": "OK"
                },
                {
                    "distance": {
                        "text": "1 m",
                        "value": 0
                    },
                    "duration": {
                        "text": "1 min",
                        "value": 0
                    },
                    "duration_in_traffic": {
                        "text": "1 min",
                        "value": 70
                    },
                    "status": "OK"
                }
            ]
        }
    ],
    "status": "OK"
}