{
    "destination_addresses": [
        "2382 Mabolo, Makati, Metro Manila, Philippines",
        "20 Sto.Tomas, Makati, 1225 Kalakhang Maynila, Philippines",
        "24 Mercury, Makati, 1209 Metro Manila, Philippines",
        "36-82 Amorsolo Street, Legazpi Village, Makati, Kalakhang Maynila, Philippines",
        "1286 Sen. Gil J. Puyat Ave, Makati, 1203 Metro Manila, Philippines",
        "The Residences at Greenbelt - Laguna Tower, Makati, Metro Manila, Philippines",
        "Makati Ave, Makati, Metro Manila, Philippines",
        "111 Dela Rosa Access Rd 1, Legazpi Village, Makati, Metro Manila, Philippines",
        "The Residences at Greenbelt - San Lorenzo Tower, Makati, Metro Manila, Philippines",
        "102 Esteban, Legazpi Village, Makati, Kalakhang Maynila, Philippines"
    ],
    "origin_addresses": [
        "2382 Mabolo, Makati, Metro Manila, Philippines",
        "20 Sto.Tomas, Makati, 1225 Kalakhang Maynila, Philippines",
        "24 Mercury, Makati, 1209 Metro Manila, Philippines",
        "36-82 Amorsolo Street, Legazpi Village, Makati, Kalakhang Maynila, Philippines",
        "1286 Sen. Gil J. Puyat Ave, Makati, 1203 Metro Manila, Philippines",
        "The Residences at Greenbelt - Laguna Tower, Makati, Metro Manila, Philippines",
        "Makati Ave, Makati, Metro Manila, Philippines",
        "111 Dela Rosa Access Rd 1, Legazpi Village, Makati, Metro Manila, Philippines",
        "The Residences at Greenbelt - San Lorenzo Tower, Makati, Metro Manila, Philippines",
        "102 Esteban, Legazpi Village, Makati, Kalakhang Maynila, Philippines"
    ],
    "rows": [
        {
            "elements": [
                {
                    "distance": {
                        "text": "1 m",
                        "value": 0
                    },
                    "duration": {
                        "text": "1 min",
                        "value": 0
                    },
                    "duration_in_traffic": {
                        "text": "1 min",
                        "value": 0
                    },
                    "status": "OK"
                },
                {
                    "distance": {
                        "text": "2.2 km",
                        "value": 2221
                    },
                    "duration": {
                        "text": "8 mins",
                        "value": 493
                    },
                    "duration_in_traffic": {
                        "text": "9 mins",
                        "value": 551
                    },
                    "status": "OK"
                },
                {
                    "distance": {
                        "text": "4.4 km",
                        "value": 4442
                    },
                    "duration": {
                        "text": "14 mins",
                        "value": 837
                    },
                    "duration_in_traffic": {
                        "text": "15 mins",
                        "value": 896
                    },
                    "status": "OK"
                },
                {
                    "distance": {
                        "text": "3.0 km",
                        "value": 2984
                    },
                    "duration": {
                        "text": "15 mins",
                        "value": 881
                    },
                    "duration_in_traffic": {
                        "text": "16 mins",
                        "value": 961
                    },
                    "status": "OK"
                },
                {
                    "distance": {
                        "text": "3.2 km",
                        "value": 3249
                    },
                    "duration": {
                        "text": "16 mins",
                        "value": 974
                    },
                    "duration_in_traffic": {
                        "text": "18 mins",
                        "value": 1084
                    },
                    "status": "OK"
                },
                {
                    "distance": {
                        "text": "1.7 km",
                        "value": 1654
                    },
                    "duration": {
                        "text": "8 mins",
                        "value": 493
                    },
                    "duration_in_traffic": {
                        "text": "8 mins",
                        "value": 503
                    },
                    "status": "OK"
                },
                {
                    "distance": {
                        "text": "1.4 km",
                        "value": 1438
                    },
                    "duration": {
                        "text": "7 mins",
                        "value": 404
                    },
                    "duration_in_traffic": {
                        "text": "7 mins",
                        "value": 415
                    },
                    "status": "OK"
                },
                {
                    "distance": {
                        "text": "2.7 km",
                        "value": 2706
                    },
                    "duration": {
                        "text": "11 mins",
                        "value": 686
                    },
                    "duration_in_traffic": {
                        "text": "15 mins",
                        "value": 903
                    },
                    "status": "OK"
                },
                {
                    "distance": {
                        "text": "1.7 km",
                        "value": 1730
                    },
                    "duration": {
                        "text": "9 mins",
                        "value": 522
                    },
                    "duration_in_traffic": {
                        "text": "9 mins",
                        "value": 533
                    },
                    "status": "OK"
                },
                {
                    "distance": {
                        "text": "3.1 km",
                        "value": 3056
                    },
                    "duration": {
                        "text": "15 mins",
                        "value": 922
                    },
                    "duration_in_traffic": {
                        "text": "18 mins",
                        "value": 1055
                    },
                    "status": "OK"
                }
            ]
        },
        {
            "elements": [
                {
                    "distance": {
                        "text": "2.6 km",
                        "value": 2562
                    },
                    "duration": {
                        "text": "10 mins",
                        "value": 612
                    },
                    "duration_in_traffic": {
                        "text": "10 mins",
                        "value": 606
                    },
                    "status": "OK"
                },
                {
                    "distance": {
                        "text": "1 m",
                        "value": 0
                    },
                    "duration": {
                        "text": "1 min",
                        "value": 0
                    },
                    "duration_in_traffic": {
                        "text": "1 min",
                        "value": 0
                    },
                    "status": "OK"
                },
                {
                    "distance": {
                        "text": "2.5 km",
                        "value": 2503
                    },
                    "duration": {
                        "text": "12 mins",
                        "value": 720
                    },
                    "duration_in_traffic": {
                        "text": "15 mins",
                        "value": 882
                    },
                    "status": "OK"
                },
                {
                    "distance": {
                        "text": "2.7 km",
                        "value": 2709
                    },
                    "duration": {
                        "text": "14 mins",
                        "value": 840
                    },
                    "duration_in_traffic": {
                        "text": "18 mins",
                        "value": 1055
                    },
                    "status": "OK"
                },
                {
                    "distance": {
                        "text": "3.0 km",
                        "value": 2974
                    },
                    "duration": {
                        "text": "16 mins",
                        "value": 933
                    },
                    "duration_in_traffic": {
                        "text": "20 mins",
                        "value": 1177
                    },
                    "status": "OK"
                },
                {
                    "distance": {
                        "text": "2.0 km",
                        "value": 2039
                    },
                    "duration": {
                        "text": "10 mins",
                        "value": 595
                    },
                    "duration_in_traffic": {
                        "text": "12 mins",
                        "value": 701
                    },
                    "status": "OK"
                },
                {
                    "distance": {
                        "text": "1.9 km",
                        "value": 1884
                    },
                    "duration": {
                        "text": "9 mins",
                        "value": 560
                    },
                    "duration_in_traffic": {
                        "text": "11 mins",
                        "value": 640
                    },
                    "status": "OK"
                },
                {
                    "distance": {
                        "text": "2.0 km",
                        "value": 1957
                    },
                    "duration": {
                        "text": "9 mins",
                        "value": 565
                    },
                    "duration_in_traffic": {
                        "text": "12 mins",
                        "value": 713
                    },
                    "status": "OK"
                },
                {
                    "distance": {
                        "text": "2.0 km",
                        "value": 2016
                    },
                    "duration": {
                        "text": "10 mins",
                        "value": 601
                    },
                    "duration_in_traffic": {
                        "text": "11 mins",
                        "value": 685
                    },
                    "status": "OK"
                },
                {
                    "distance": {
                        "text": "2.5 km",
                        "value": 2491
                    },
                    "duration": {
                        "text": "12 mins",
                        "value": 704
                    },
                    "duration_in_traffic": {
                        "text": "15 mins",
                        "value": 910
                    },
                    "status": "OK"
                }
            ]
        },
        {
            "elements": [
                {
                    "distance": {
                        "text": "3.4 km",
                        "value": 3369
                    },
                    "duration": {
                        "text": "11 mins",
                        "value": 680
                    },
                    "duration_in_traffic": {
                        "text": "12 mins",
                        "value": 730
                    },
                    "status": "OK"
                },
                {
                    "distance": {
                        "text": "1.7 km",
                        "value": 1688
                    },
                    "duration": {
                        "text": "9 mins",
                        "value": 551
                    },
                    "duration_in_traffic": {
                        "text": "10 mins",
                        "value": 589
                    },
                    "status": "OK"
                },
                {
                    "distance": {
                        "text": "1 m",
                        "value": 0
                    },
                    "duration": {
                        "text": "1 min",
                        "value": 0
                    },
                    "duration_in_traffic": {
                        "text": "1 min",
                        "value": 0
                    },
                    "status": "OK"
                },
                {
                    "distance": {
                        "text": "2.2 km",
                        "value": 2249
                    },
                    "duration": {
                        "text": "13 mins",
                        "value": 775
                    },
                    "duration_in_traffic": {
                        "text": "14 mins",
                        "value": 863
                    },
                    "status": "OK"
                },
                {
                    "distance": {
                        "text": "2.7 km",
                        "value": 2717
                    },
                    "duration": {
                        "text": "12 mins",
                        "value": 736
                    },
                    "duration_in_traffic": {
                        "text": "14 mins",
                        "value": 827
                    },
                    "status": "OK"
                },
                {
                    "distance": {
                        "text": "2.1 km",
                        "value": 2074
                    },
                    "duration": {
                        "text": "12 mins",
                        "value": 728
                    },
                    "duration_in_traffic": {
                        "text": "13 mins",
                        "value": 789
                    },
                    "status": "OK"
                },
                {
                    "distance": {
                        "text": "1.9 km",
                        "value": 1920
                    },
                    "duration": {
                        "text": "12 mins",
                        "value": 692
                    },
                    "duration_in_traffic": {
                        "text": "12 mins",
                        "value": 728
                    },
                    "status": "OK"
                },
                {
                    "distance": {
                        "text": "2.0 km",
                        "value": 1993
                    },
                    "duration": {
                        "text": "12 mins",
                        "value": 698
                    },
                    "duration_in_traffic": {
                        "text": "13 mins",
                        "value": 802
                    },
                    "status": "OK"
                },
                {
                    "distance": {
                        "text": "2.1 km",
                        "value": 2051
                    },
                    "duration": {
                        "text": "12 mins",
                        "value": 734
                    },
                    "duration_in_traffic": {
                        "text": "13 mins",
                        "value": 773
                    },
                    "status": "OK"
                },
                {
                    "distance": {
                        "text": "2.2 km",
                        "value": 2232
                    },
                    "duration": {
                        "text": "13 mins",
                        "value": 771
                    },
                    "duration_in_traffic": {
                        "text": "15 mins",
                        "value": 909
                    },
                    "status": "OK"
                }
            ]
        },
        {
            "elements": [
                {
                    "distance": {
                        "text": "3.4 km",
                        "value": 3429
                    },
                    "duration": {
                        "text": "14 mins",
                        "value": 847
                    },
                    "duration_in_traffic": {
                        "text": "16 mins",
                        "value": 959
                    },
                    "status": "OK"
                },
                {
                    "distance": {
                        "text": "2.1 km",
                        "value": 2090
                    },
                    "duration": {
                        "text": "9 mins",
                        "value": 560
                    },
                    "duration_in_traffic": {
                        "text": "12 mins",
                        "value": 706
                    },
                    "status": "OK"
                },
                {
                    "distance": {
                        "text": "2.1 km",
                        "value": 2119
                    },
                    "duration": {
                        "text": "11 mins",
                        "value": 630
                    },
                    "duration_in_traffic": {
                        "text": "13 mins",
                        "value": 799
                    },
                    "status": "OK"
                },
                {
                    "distance": {
                        "text": "1 m",
                        "value": 0
                    },
                    "duration": {
                        "text": "1 min",
                        "value": 0
                    },
                    "duration_in_traffic": {
                        "text": "1 min",
                        "value": 26
                    },
                    "status": "OK"
                },
                {
                    "distance": {
                        "text": "0.3 km",
                        "value": 265
                    },
                    "duration": {
                        "text": "2 mins",
                        "value": 94
                    },
                    "duration_in_traffic": {
                        "text": "2 mins",
                        "value": 121
                    },
                    "status": "OK"
                },
                {
                    "distance": {
                        "text": "1.8 km",
                        "value": 1789
                    },
                    "duration": {
                        "text": "10 mins",
                        "value": 593
                    },
                    "duration_in_traffic": {
                        "text": "12 mins",
                        "value": 713
                    },
                    "status": "OK"
                },
                {
                    "distance": {
                        "text": "1.9 km",
                        "value": 1916
                    },
                    "duration": {
                        "text": "9 mins",
                        "value": 566
                    },
                    "duration_in_traffic": {
                        "text": "12 mins",
                        "value": 695
                    },
                    "status": "OK"
                },
                {
                    "distance": {
                        "text": "2.0 km",
                        "value": 1989
                    },
                    "duration": {
                        "text": "10 mins",
                        "value": 571
                    },
                    "duration_in_traffic": {
                        "text": "13 mins",
                        "value": 769
                    },
                    "status": "OK"
                },
                {
                    "distance": {
                        "text": "2.0 km",
                        "value": 2048
                    },
                    "duration": {
                        "text": "10 mins",
                        "value": 607
                    },
                    "duration_in_traffic": {
                        "text": "12 mins",
                        "value": 740
                    },
                    "status": "OK"
                },
                {
                    "distance": {
                        "text": "1.1 km",
                        "value": 1109
                    },
                    "duration": {
                        "text": "6 mins",
                        "value": 342
                    },
                    "duration_in_traffic": {
                        "text": "7 mins",
                        "value": 428
                    },
                    "status": "OK"
                }
            ]
        },
        {
            "elements": [
                {
                    "distance": {
                        "text": "3.4 km",
                        "value": 3379
                    },
                    "duration": {
                        "text": "13 mins",
                        "value": 802
                    },
                    "duration_in_traffic": {
                        "text": "15 mins",
                        "value": 929
                    },
                    "status": "OK"
                },
                {
                    "distance": {
                        "text": "2.0 km",
                        "value": 2040
                    },
                    "duration": {
                        "text": "9 mins",
                        "value": 515
                    },
                    "duration_in_traffic": {
                        "text": "11 mins",
                        "value": 676
                    },
                    "status": "OK"
                },
                {
                    "distance": {
                        "text": "1.8 km",
                        "value": 1834
                    },
                    "duration": {
                        "text": "9 mins",
                        "value": 514
                    },
                    "duration_in_traffic": {
                        "text": "11 mins",
                        "value": 644
                    },
                    "status": "OK"
                },
                {
                    "distance": {
                        "text": "0.6 km",
                        "value": 623
                    },
                    "duration": {
                        "text": "3 mins",
                        "value": 198
                    },
                    "duration_in_traffic": {
                        "text": "4 mins",
                        "value": 240
                    },
                    "status": "OK"
                },
                {
                    "distance": {
                        "text": "1 m",
                        "value": 0
                    },
                    "duration": {
                        "text": "1 min",
                        "value": 0
                    },
                    "duration_in_traffic": {
                        "text": "1 min",
                        "value": 55
                    },
                    "status": "OK"
                },
                {
                    "distance": {
                        "text": "1.7 km",
                        "value": 1739
                    },
                    "duration": {
                        "text": "9 mins",
                        "value": 549
                    },
                    "duration_in_traffic": {
                        "text": "11 mins",
                        "value": 681
                    },
                    "status": "OK"
                },
                {
                    "distance": {
                        "text": "1.9 km",
                        "value": 1866
                    },
                    "duration": {
                        "text": "9 mins",
                        "value": 522
                    },
                    "duration_in_traffic": {
                        "text": "11 mins",
                        "value": 665
                    },
                    "status": "OK"
                },
                {
                    "distance": {
                        "text": "1.9 km",
                        "value": 1939
                    },
                    "duration": {
                        "text": "9 mins",
                        "value": 527
                    },
                    "duration_in_traffic": {
                        "text": "12 mins",
                        "value": 738
                    },
                    "status": "OK"
                },
                {
                    "distance": {
                        "text": "2.0 km",
                        "value": 1997
                    },
                    "duration": {
                        "text": "9 mins",
                        "value": 563
                    },
                    "duration_in_traffic": {
                        "text": "12 mins",
                        "value": 710
                    },
                    "status": "OK"
                },
                {
                    "distance": {
                        "text": "1.1 km",
                        "value": 1059
                    },
                    "duration": {
                        "text": "5 mins",
                        "value": 298
                    },
                    "duration_in_traffic": {
                        "text": "7 mins",
                        "value": 398
                    },
                    "status": "OK"
                }
            ]
        },
        {
            "elements": [
                {
                    "distance": {
                        "text": "1.7 km",
                        "value": 1654
                    },
                    "duration": {
                        "text": "8 mins",
                        "value": 476
                    },
                    "duration_in_traffic": {
                        "text": "7 mins",
                        "value": 449
                    },
                    "status": "OK"
                },
                {
                    "distance": {
                        "text": "1.3 km",
                        "value": 1323
                    },
                    "duration": {
                        "text": "7 mins",
                        "value": 441
                    },
                    "duration_in_traffic": {
                        "text": "8 mins",
                        "value": 464
                    },
                    "status": "OK"
                },
                {
                    "distance": {
                        "text": "1.8 km",
                        "value": 1827
                    },
                    "duration": {
                        "text": "11 mins",
                        "value": 661
                    },
                    "duration_in_traffic": {
                        "text": "13 mins",
                        "value": 751
                    },
                    "status": "OK"
                },
                {
                    "distance": {
                        "text": "1.8 km",
                        "value": 1809
                    },
                    "duration": {
                        "text": "10 mins",
                        "value": 579
                    },
                    "duration_in_traffic": {
                        "text": "11 mins",
                        "value": 647
                    },
                    "status": "OK"
                },
                {
                    "distance": {
                        "text": "2.1 km",
                        "value": 2074
                    },
                    "duration": {
                        "text": "11 mins",
                        "value": 673
                    },
                    "duration_in_traffic": {
                        "text": "13 mins",
                        "value": 769
                    },
                    "status": "OK"
                },
                {
                    "distance": {
                        "text": "1 m",
                        "value": 0
                    },
                    "duration": {
                        "text": "1 min",
                        "value": 0
                    },
                    "duration_in_traffic": {
                        "text": "1 min",
                        "value": 0
                    },
                    "status": "OK"
                },
                {
                    "distance": {
                        "text": "0.3 km",
                        "value": 283
                    },
                    "duration": {
                        "text": "2 mins",
                        "value": 123
                    },
                    "duration_in_traffic": {
                        "text": "2 mins",
                        "value": 122
                    },
                    "status": "OK"
                },
                {
                    "distance": {
                        "text": "1.1 km",
                        "value": 1093
                    },
                    "duration": {
                        "text": "7 mins",
                        "value": 391
                    },
                    "duration_in_traffic": {
                        "text": "7 mins",
                        "value": 436
                    },
                    "status": "OK"
                },
                {
                    "distance": {
                        "text": "0.4 km",
                        "value": 411
                    },
                    "duration": {
                        "text": "3 mins",
                        "value": 165
                    },
                    "duration_in_traffic": {
                        "text": "3 mins",
                        "value": 165
                    },
                    "status": "OK"
                },
                {
                    "distance": {
                        "text": "1.7 km",
                        "value": 1655
                    },
                    "duration": {
                        "text": "10 mins",
                        "value": 627
                    },
                    "duration_in_traffic": {
                        "text": "12 mins",
                        "value": 733
                    },
                    "status": "OK"
                }
            ]
        },
        {
            "elements": [
                {
                    "distance": {
                        "text": "1.4 km",
                        "value": 1407
                    },
                    "duration": {
                        "text": "6 mins",
                        "value": 368
                    },
                    "duration_in_traffic": {
                        "text": "6 mins",
                        "value": 342
                    },
                    "status": "OK"
                },
                {
                    "distance": {
                        "text": "1.2 km",
                        "value": 1231
                    },
                    "duration": {
                        "text": "7 mins",
                        "value": 426
                    },
                    "duration_in_traffic": {
                        "text": "7 mins",
                        "value": 448
                    },
                    "status": "OK"
                },
                {
                    "distance": {
                        "text": "1.7 km",
                        "value": 1734
                    },
                    "duration": {
                        "text": "11 mins",
                        "value": 646
                    },
                    "duration_in_traffic": {
                        "text": "12 mins",
                        "value": 735
                    },
                    "status": "OK"
                },
                {
                    "distance": {
                        "text": "1.6 km",
                        "value": 1619
                    },
                    "duration": {
                        "text": "9 mins",
                        "value": 530
                    },
                    "duration_in_traffic": {
                        "text": "10 mins",
                        "value": 601
                    },
                    "status": "OK"
                },
                {
                    "distance": {
                        "text": "1.9 km",
                        "value": 1885
                    },
                    "duration": {
                        "text": "10 mins",
                        "value": 623
                    },
                    "duration_in_traffic": {
                        "text": "12 mins",
                        "value": 722
                    },
                    "status": "OK"
                },
                {
                    "distance": {
                        "text": "0.3 km",
                        "value": 290
                    },
                    "duration": {
                        "text": "2 mins",
                        "value": 142
                    },
                    "duration_in_traffic": {
                        "text": "2 mins",
                        "value": 140
                    },
                    "status": "OK"
                },
                {
                    "distance": {
                        "text": "1 m",
                        "value": 0
                    },
                    "duration": {
                        "text": "1 min",
                        "value": 0
                    },
                    "duration_in_traffic": {
                        "text": "1 min",
                        "value": 0
                    },
                    "status": "OK"
                },
                {
                    "distance": {
                        "text": "1.2 km",
                        "value": 1188
                    },
                    "duration": {
                        "text": "8 mins",
                        "value": 465
                    },
                    "duration_in_traffic": {
                        "text": "9 mins",
                        "value": 529
                    },
                    "status": "OK"
                },
                {
                    "distance": {
                        "text": "0.4 km",
                        "value": 366
                    },
                    "duration": {
                        "text": "3 mins",
                        "value": 171
                    },
                    "duration_in_traffic": {
                        "text": "3 mins",
                        "value": 170
                    },
                    "status": "OK"
                },
                {
                    "distance": {
                        "text": "1.7 km",
                        "value": 1722
                    },
                    "duration": {
                        "text": "10 mins",
                        "value": 621
                    },
                    "duration_in_traffic": {
                        "text": "13 mins",
                        "value": 759
                    },
                    "status": "OK"
                }
            ]
        },
        {
            "elements": [
                {
                    "distance": {
                        "text": "3.0 km",
                        "value": 2968
                    },
                    "duration": {
                        "text": "13 mins",
                        "value": 784
                    },
                    "duration_in_traffic": {
                        "text": "14 mins",
                        "value": 861
                    },
                    "status": "OK"
                },
                {
                    "distance": {
                        "text": "1.6 km",
                        "value": 1630
                    },
                    "duration": {
                        "text": "8 mins",
                        "value": 497
                    },
                    "duration_in_traffic": {
                        "text": "10 mins",
                        "value": 613
                    },
                    "status": "OK"
                },
                {
                    "distance": {
                        "text": "1.8 km",
                        "value": 1838
                    },
                    "duration": {
                        "text": "12 mins",
                        "value": 694
                    },
                    "duration_in_traffic": {
                        "text": "14 mins",
                        "value": 856
                    },
                    "status": "OK"
                },
                {
                    "distance": {
                        "text": "1.2 km",
                        "value": 1211
                    },
                    "duration": {
                        "text": "9 mins",
                        "value": 536
                    },
                    "duration_in_traffic": {
                        "text": "11 mins",
                        "value": 643
                    },
                    "status": "OK"
                },
                {
                    "distance": {
                        "text": "1.5 km",
                        "value": 1476
                    },
                    "duration": {
                        "text": "10 mins",
                        "value": 629
                    },
                    "duration_in_traffic": {
                        "text": "13 mins",
                        "value": 765
                    },
                    "status": "OK"
                },
                {
                    "distance": {
                        "text": "1.1 km",
                        "value": 1085
                    },
                    "duration": {
                        "text": "7 mins",
                        "value": 442
                    },
                    "duration_in_traffic": {
                        "text": "8 mins",
                        "value": 502
                    },
                    "status": "OK"
                },
                {
                    "distance": {
                        "text": "1.3 km",
                        "value": 1320
                    },
                    "duration": {
                        "text": "8 mins",
                        "value": 500
                    },
                    "duration_in_traffic": {
                        "text": "9 mins",
                        "value": 567
                    },
                    "status": "OK"
                },
                {
                    "distance": {
                        "text": "1 m",
                        "value": 0
                    },
                    "duration": {
                        "text": "1 min",
                        "value": 0
                    },
                    "duration_in_traffic": {
                        "text": "1 min",
                        "value": 46
                    },
                    "status": "OK"
                },
                {
                    "distance": {
                        "text": "1.4 km",
                        "value": 1432
                    },
                    "duration": {
                        "text": "9 mins",
                        "value": 519
                    },
                    "duration_in_traffic": {
                        "text": "10 mins",
                        "value": 582
                    },
                    "status": "OK"
                },
                {
                    "distance": {
                        "text": "1.0 km",
                        "value": 993
                    },
                    "duration": {
                        "text": "7 mins",
                        "value": 398
                    },
                    "duration_in_traffic": {
                        "text": "8 mins",
                        "value": 497
                    },
                    "status": "OK"
                }
            ]
        },
        {
            "elements": [
                {
                    "distance": {
                        "text": "1.8 km",
                        "value": 1774
                    },
                    "duration": {
                        "text": "9 mins",
                        "value": 540
                    },
                    "duration_in_traffic": {
                        "text": "9 mins",
                        "value": 513
                    },
                    "status": "OK"
                },
                {
                    "distance": {
                        "text": "1.5 km",
                        "value": 1484
                    },
                    "duration": {
                        "text": "9 mins",
                        "value": 528
                    },
                    "duration_in_traffic": {
                        "text": "9 mins",
                        "value": 550
                    },
                    "status": "OK"
                },
                {
                    "distance": {
                        "text": "2.0 km",
                        "value": 2025
                    },
                    "duration": {
                        "text": "13 mins",
                        "value": 781
                    },
                    "duration_in_traffic": {
                        "text": "16 mins",
                        "value": 945
                    },
                    "status": "OK"
                },
                {
                    "distance": {
                        "text": "1.3 km",
                        "value": 1275
                    },
                    "duration": {
                        "text": "7 mins",
                        "value": 448
                    },
                    "duration_in_traffic": {
                        "text": "8 mins",
                        "value": 502
                    },
                    "status": "OK"
                },
                {
                    "distance": {
                        "text": "1.5 km",
                        "value": 1540
                    },
                    "duration": {
                        "text": "9 mins",
                        "value": 542
                    },
                    "duration_in_traffic": {
                        "text": "10 mins",
                        "value": 624
                    },
                    "status": "OK"
                },
                {
                    "distance": {
                        "text": "0.2 km",
                        "value": 161
                    },
                    "duration": {
                        "text": "1 min",
                        "value": 87
                    },
                    "duration_in_traffic": {
                        "text": "1 min",
                        "value": 87
                    },
                    "status": "OK"
                },
                {
                    "distance": {
                        "text": "0.4 km",
                        "value": 389
                    },
                    "duration": {
                        "text": "3 mins",
                        "value": 187
                    },
                    "duration_in_traffic": {
                        "text": "3 mins",
                        "value": 186
                    },
                    "status": "OK"
                },
                {
                    "distance": {
                        "text": "0.8 km",
                        "value": 844
                    },
                    "duration": {
                        "text": "6 mins",
                        "value": 343
                    },
                    "duration_in_traffic": {
                        "text": "7 mins",
                        "value": 390
                    },
                    "status": "OK"
                },
                {
                    "distance": {
                        "text": "1 m",
                        "value": 0
                    },
                    "duration": {
                        "text": "1 min",
                        "value": 0
                    },
                    "duration_in_traffic": {
                        "text": "1 min",
                        "value": 0
                    },
                    "status": "OK"
                },
                {
                    "distance": {
                        "text": "1.3 km",
                        "value": 1310
                    },
                    "duration": {
                        "text": "8 mins",
                        "value": 505
                    },
                    "duration_in_traffic": {
                        "text": "9 mins",
                        "value": 561
                    },
                    "status": "OK"
                }
            ]
        },
        {
            "elements": [
                {
                    "distance": {
                        "text": "3.5 km",
                        "value": 3465
                    },
                    "duration": {
                        "text": "15 mins",
                        "value": 875
                    },
                    "duration_in_traffic": {
                        "text": "16 mins",
                        "value": 973
                    },
                    "status": "OK"
                },
                {
                    "distance": {
                        "text": "2.1 km",
                        "value": 2127
                    },
                    "duration": {
                        "text": "10 mins",
                        "value": 588
                    },
                    "duration_in_traffic": {
                        "text": "12 mins",
                        "value": 720
                    },
                    "status": "OK"
                },
                {
                    "distance": {
                        "text": "2.1 km",
                        "value": 2139
                    },
                    "duration": {
                        "text": "11 mins",
                        "value": 680
                    },
                    "duration_in_traffic": {
                        "text": "14 mins",
                        "value": 814
                    },
                    "status": "OK"
                },
                {
                    "distance": {
                        "text": "0.4 km",
                        "value": 438
                    },
                    "duration": {
                        "text": "3 mins",
                        "value": 208
                    },
                    "duration_in_traffic": {
                        "text": "3 mins",
                        "value": 208
                    },
                    "status": "OK"
                },
                {
                    "distance": {
                        "text": "0.7 km",
                        "value": 703
                    },
                    "duration": {
                        "text": "5 mins",
                        "value": 302
                    },
                    "duration_in_traffic": {
                        "text": "5 mins",
                        "value": 329
                    },
                    "status": "OK"
                },
                {
                    "distance": {
                        "text": "1.4 km",
                        "value": 1372
                    },
                    "duration": {
                        "text": "8 mins",
                        "value": 508
                    },
                    "duration_in_traffic": {
                        "text": "9 mins",
                        "value": 511
                    },
                    "status": "OK"
                },
                {
                    "distance": {
                        "text": "1.6 km",
                        "value": 1564
                    },
                    "duration": {
                        "text": "10 mins",
                        "value": 605
                    },
                    "duration_in_traffic": {
                        "text": "10 mins",
                        "value": 626
                    },
                    "status": "OK"
                },
                {
                    "distance": {
                        "text": "1.4 km",
                        "value": 1396
                    },
                    "duration": {
                        "text": "9 mins",
                        "value": 519
                    },
                    "duration_in_traffic": {
                        "text": "10 mins",
                        "value": 572
                    },
                    "status": "OK"
                },
                {
                    "distance": {
                        "text": "1.4 km",
                        "value": 1413
                    },
                    "duration": {
                        "text": "9 mins",
                        "value": 521
                    },
                    "duration_in_traffic": {
                        "text": "9 mins",
                        "value": 524
                    },
                    "status": "OK"
                },
                {
                    "distance": {
                        "text": "1 m",
                        "value": 0
                    },
                    "duration": {
                        "text": "1 min",
                        "value": 0
                    },
                    "duration_in_traffic": {
                        "text": "1 min",
                        "value": 59
                    },
                    "status": "OK"
                }
            ]
        }
    ],
    "status": "OK"
}